{
	"tiers": [
		{
			"total_exp_required": 0,
			"groups": [
				{
					"num_to_select": 3,
					"trades": [
						{
							"wants": [
								{
									"item": "minecraft:iron_ingot",
									"quantity": 2,
									"price_multiplier": 1
								}
							],
							"gives": [
								{
									"item": "minecraft:carrot",
									"quantity": 1
								}
							],
							"trader_exp": 0,
							"max_uses": 5000,
							"reward_exp": false
						},
						{
							"wants": [
								{
									"item": "minecraft:iron_ingot",
									"quantity": 3,
									"price_multiplier": 1
								}
							],
							"gives": [
								{
									"item": "minecraft:bread",
									"quantity": 1
								}
							],
							"trader_exp": 0,
							"max_uses": 5000,
							"reward_exp": false
						},
						{
							"wants": [
								{
									"item": "minecraft:iron_ingot",
									"quantity": 8,
									"price_multiplier": 1
								}
							],
							"gives": [
								{
									"item": "minecraft:cooked_beef",
									"quantity": 1
								}
							],
							"trader_exp": 0,
							"max_uses": 5000,
							"reward_exp": false
						}
					]
				}
			]
		},
		{
			"total_exp_required": 0,
			"groups": [
				{
					"num_to_select": 1,
					"trades": [
						{
							"wants": [
								{
									"item": "minecraft:gold_ingot",
									"quantity": 5,
									"price_multiplier": 1
								}
							],
							"gives": [
								{
									"item": "minecraft:golden_apple",
									"quantity": 1
								}
							],
							"trader_exp": 0,
							"max_uses": 5000,
							"reward_exp": false
						}
					]
				}
			]
		},
		{
			"total_exp_required": 0,
			"groups": [
				{
					"num_to_select": 1,
					"trades": [
						{
							"wants": [
								{
									"item": "minecraft:emerald",
									"quantity": 32,
									"price_multiplier": 1
								}
							],
							"gives": [
								{
									"item": "minecraft:appleenchanted",
									"quantity": 1
								}
							],
							"trader_exp": 0,
							"max_uses": 3,
							"reward_exp": false
						}
					]
				}
			]
		}
	]
}