{
  "tiers": [
    {
      "total_exp_required": 0,
      "groups": [
        {
          "num_to_select": 1,
          "trades": [
            {
              "wants": [
                {
                  "item": "minecraft:iron_ingot",
                  "quantity": 10,
                  "price_multiplier": 1
                }
              ],
              "gives": [
                {
                  "item": "minecraft:wooden_pickaxe",
                  "quantity": 1
                }
              ],
              "trader_exp": 0,
              "max_uses": 1000,
              "reward_exp": false
            }
          ]
        },
        {
          "num_to_select": 1,
          "trades": [
            {
              "wants": [
                {
                  "item": "minecraft:iron_ingot",
                  "quantity": 20,
                  "price_multiplier": 1
                }
              ],
              "gives": [
                {
                  "item": "minecraft:stone_pickaxe",
                  "quantity": 1
                }
              ],
              "trader_exp": 0,
              "max_uses": 1000,
              "reward_exp": false
            }
          ]
        }
      ]
    },
    {
      "total_exp_required": 0,
      "groups": [
        {
          "num_to_select": 1,
          "trades": [
            {
              "wants": [
                {
                  "item": "minecraft:gold_ingot",
                  "quantity": 8,
                  "price_multiplier": 1
                }
              ],
              "gives": [
                {
                  "item": "minecraft:iron_pickaxe",
                  "quantity": 1
                }
              ],
              "trader_exp": 0,
              "max_uses": 1000,
              "reward_exp": false
            }
          ]
        },
        {
          "num_to_select": 1,
          "trades": [
            {
              "wants": [
                {
                  "item": "minecraft:emerald",
                  "quantity": 8,
                  "price_multiplier": 0
                }
              ],
              "gives": [
                {
                  "item": "minecraft:diamond_pickaxe",
                  "quantity": 1
                }
              ],
              "trader_exp": 0,
              "max_uses": 1000,
              "reward_exp": false
            }
          ]
        }
      ]
    }
  ]
}