{"packs":[{"can_be_redownloaded":false,"name":"The Redstone Trades: Template for Bedwars Trading","uuid":"ee649bcf-256c-4013-9068-6a802b89d759","version":[0,0,1]},{"can_be_redownloaded":false,"name":"The Redstone Trades: Template for Bedwars Trading","uuid":"a5b45796-da18-11eb-8d19-0242ac130003","version":[0,0,1]},{"can_be_redownloaded":false,"name":"The Redstone Trades: Template for Bedwars Trading","uuid":"7a48a7b6-da1c-11eb-8d19-0242ac130003","version":[0,0,1]},{"can_be_redownloaded":false,"name":"The Redstone Trades: Template for Bedwars Trading","uuid":"22c072f2-da1d-11eb-8d19-0242ac130003","version":[0,0,1]},{"can_be_redownloaded":false,"name":"Npcs","uuid":"c1edefa7-1740-443d-9630-987afb02d456","version":[0,0,1]},{"can_be_redownloaded":false,"name":"Npcs","uuid":"8db0053b-552c-407a-9e98-86fec89c2f0d","version":[0,0,1]},{"can_be_redownloaded":false,"name":"Npcs","uuid":"00a9d675-5483-432a-b80f-9e2a85c9826b","version":[0,0,1]},{"can_be_redownloaded":false,"name":"The Redstone Trades: Template for Bedwars Trading","uuid":"755bf8e0-8cf0-4b4b-a125-bee4703df507","version":[0,0,1]},{"can_be_redownloaded":false,"name":"The Redstone Trades: Template for Bedwars Trading","uuid":"7f066be3-1fbc-4796-87d0-5a9bdc99cc3b","version":[0,0,1]},{"can_be_redownloaded":false,"name":"The Redstone Trades: Template for Bedwars Trading","uuid":"709d3b2e-d0fb-4a82-a4af-1319e4afe38a","version":[0,0,1]},{"can_be_redownloaded":false,"name":"Reset Function","uuid":"2259b776-e408-4261-94cc-57405105e5c8","version":[0,0,1]}]}
