{"packs":[{"can_be_redownloaded":false,"name":"Night Vision Pack","uuid":"31a9f608-ba16-11ea-b3de-0242ac130004","version":[1,0,4]},{"can_be_redownloaded":false,"name":"Npcs","uuid":"801f2551-b685-4b7f-9950-08a04760cbff","version":[0,0,1]},{"can_be_redownloaded":false,"name":"Npcs","uuid":"58519484-4387-468b-bc23-992f7a652048","version":[0,0,1]},{"can_be_redownloaded":false,"name":"Npcs","uuid":"e3b4d4af-79fe-45d6-91e9-a95c1a61c6dd","version":[0,0,1]},{"can_be_redownloaded":false,"name":"Reset Function","uuid":"64373f61-3a77-457c-83f1-fc12353b78e7","version":[0,0,1]}]}
