{
  "tiers": [
    {
      "total_exp_required": 0,
      "groups": [
        {
          "num_to_select": 1,
          "trades": [
            {
              "wants": [
                {
                  "item": "minecraft:emerald",
                  "quantity": 6,
                  "price_multiplier": 1
                }
              ],
              "gives": [
                {
                  "item": "minecraft:ender_pearl",
                  "quantity": 1
                }
              ],
              "trader_exp": 0,
              "max_uses": 1000,
              "reward_exp": false
            }
          ]
        },
        {
          "num_to_select": 1,
          "trades": [
            {
              "wants": [
                {
                  "item": "minecraft:emerald",
                  "quantity": 5,
                  "price_multiplier": 1
                }
              ],
              "gives": [
                {
                  "item": "minecraft:empty_map:2",
                  "quantity": 1
                }
              ],
              "trader_exp": 0,
              "max_uses": 1000,
              "reward_exp": false
            }
          ]
        },
        {
          "num_to_select": 1,
          "trades": [
            {
              "wants": [
                {
                  "item": "minecraft:gold_ingot",
                  "quantity": 8,
                  "price_multiplier": 1
                }
              ],
              "gives": [
                {
                  "item": "minecraft:monster_egg",
                  "quantity": 4
                }
              ],
              "trader_exp": 0,
              "max_uses": 1000,
              "reward_exp": false
            }
          ]
        }
      ]
    },
    {
      "total_exp_required": 0,
      "groups": [
        {
          "num_to_select": 2,
          "trades": [
            {
              "wants": [
                {
                  "item": "minecraft:emerald",
                  "quantity": 2,
                  "price_multiplier": 1
                }
              ],
              "gives": [
                {
                  "item": "minecraft:spawn_egg:39",
                  "quantity": 1
                }
              ],
              "trader_exp": 0,
              "max_uses": 1000,
              "reward_exp": false
            },
            {
              "wants": [
                {
                  "item": "minecraft:emerald",
                  "quantity": 4,
                  "price_multiplier": 1
                }
              ],
              "gives": [
                {
                  "item": "minecraft:egg",
                  "quantity": 1
                }
              ],
              "trader_exp": 0,
              "max_uses": 1000,
              "reward_exp": false
            }
          ]
        }
      ]
    }
  ]
}