{
  "tiers": [
    {
      "total_exp_required": 0,
      "groups": [
        {
          "num_to_select": 1,
          "trades": [
            {
              "wants": [
                {
                  "item": "minecraft:iron_ingot",
                  "quantity": 4,
                  "price_multiplier": 1
                }
              ],
              "gives": [
                {
                  "item": "minecraft:wool",
                  "quantity": 10
                }
              ],
              "trader_exp": 0,
              "max_uses": 1000,
              "reward_exp": false
            }
          ]
        },
        {
          "num_to_select": 1,
          "trades": [
            {
              "wants": [
                {
                  "item": "minecraft:iron_ingot",
                  "quantity": 25,
                  "price_multiplier": 1
                }
              ],
              "gives": [
                {
                  "item": "minecraft:sandstone",
                  "quantity": 8
                }
              ],
              "trader_exp": 0,
              "max_uses": 1000,
              "reward_exp": false
            }
          ]
        },
        {
          "num_to_select": 1,
          "trades": [
            {
              "wants": [
                {
                  "item": "minecraft:iron_ingot",
                  "quantity": 30,
                  "price_multiplier": 1
                }
              ],
              "gives": [
                {
                  "item": "minecraft:end_stone",
                  "quantity": 4
                }
              ],
              "trader_exp": 0,
              "max_uses": 1000,
              "reward_exp": false
            }
          ]
        }
      ]
    },
    {
      "total_exp_required": 0,
      "groups": [
        {
          "num_to_select": 1,
          "trades": [
            {
              "wants": [
                {
                  "item": "minecraft:gold_ingot",
                  "quantity": 12,
                  "price_multiplier": 1
                }
              ],
              "gives": [
                {
                  "item": "minecraft:planks",
                  "quantity": 8
                }
              ],
              "trader_exp": 0,
              "max_uses": 1000,
              "reward_exp": false
            }
          ]
        },
        {
          "num_to_select": 1,
          "trades": [
            {
              "wants": [
                {
                  "item": "minecraft:emerald",
                  "quantity": 6,
                  "price_multiplier": 1
                }
              ],
              "gives": [
                {
                  "item": "minecraft:obsidian",
                  "quantity": 4
                }
              ],
              "trader_exp": 0,
              "max_uses": 1000,
              "reward_exp": false
            }
          ]
        }
      ]
    }
  ]
}