{
  "tiers": [
    {
      "total_exp_required": 0,
      "groups": [
        {
          "num_to_select": 1,
          "trades": [
            {
              "wants": [
                {
                  "item": "minecraft:iron_ingot",
                  "quantity": 32,
                  "price_multiplier": 1
                }
              ],
              "gives": [
                {
                  "item": "minecraft:stone_sword",
                  "quantity": 1
                }
              ],
              "trader_exp": 0,
              "max_uses": 100000,
              "reward_exp": false
            }
          ]
        },
        {
          "num_to_select": 1,
          "trades": [
            {
              "wants": [
                {
                  "item": "minecraft:iron_ingot",
                  "quantity": 10,
                  "price_multiplier": 1
                }
              ],
              "gives": [
                {
                  "item": "minecraft:wooden_sword",
                  "quantity": 1
                }
              ],
              "trader_exp": 0,
              "max_uses": 1000,
              "reward_exp": false
            }
          ]
        },
        {
          "num_to_select": 1,
          "trades": [
            {
              "wants": [
                {
                  "item": "minecraft:gold_ingot",
                  "quantity": 16,
                  "price_multiplier": 1
                }
              ],
              "gives": [
                {
                  "item": "minecraft:iron_sword",
                  "quantity": 1
                }
              ],
              "trader_exp": 200,
              "max_uses": 10000,
              "reward_exp": false
            }
          ]
        }
      ]
    },
    {
       "num_to_select": 1,
       "trades": [
         {
           "wants": [
             {
               "item": "minecraft:emerald",
               "quantity": 12,
               "price_multiplier": 1
             }
           ],
           "gives": [
             {
               "item": "minecraft:diamond_sword",
               "quantity": 1
             }
           ],
           "trader_exp": 0,
           "max_uses": 1000,
           "reward_exp": false
         }
       ]
    },
    {
      "total_exp_required": 0,
      "groups": [
        {
          "num_to_select": 1,
          "trades": [
            {
              "wants": [
                {
                  "item": "minecraft:gold_ingot",
                  "quantity": 1,
                  "price_multiplier": 1
                }
              ],
              "gives": [
                {
                  "item": "minecraft:arrow",
                  "quantity": 2
                }
              ],
              "trader_exp": 0,
              "max_uses": 1000,
              "reward_exp": false
            }
          ]
        },
        {
          "num_to_select": 1,
          "trades": [
            {
              "wants": [
                {
                  "item": "minecraft:emerald",
                  "quantity": 6,
                  "price_multiplier": 1
                }
              ],
              "gives": [
                {
                  "item": "minecraft:bow",
                  "quantity": 1
                      }
              ],
              "trader_exp": 0,
              "max_uses": 1000,
              "reward_exp": false
            }
          ]
        }
      ]
    }
  ]
}
