{
  "minecraft:client_entity" : {
    "description" : {
      "render_controllers" : [
        "controller.render.skeleton"
      ],
      "enable_attachables" : true,
      "materials" : {
        "default" : "skeleton"
      },
      "geometry" : {
        "default" : "geometry.humanoid"
      },
      "animations" : {
        "use_item_progress" : "animation.humanoid.use_item_progress",
        "look_at_target_gliding" : "animation.humanoid.look_at_target.gliding",
        "holding" : "animation.humanoid.holding",
        "look_at_target_default" : "animation.humanoid.look_at_target.default",
        "riding.arms" : "animation.humanoid.riding.arms",
        "riding.legs" : "animation.humanoid.riding.legs",
        "attack.rotations" : "animation.humanoid.attack.rotations",
        "damage_nearby_mobs" : "animation.humanoid.damage_nearby_mobs",
        "skeleton_attack" : "animation.skeleton.attack",
        "brandish_spear" : "animation.humanoid.brandish_spear",
        "look_at_target_swimming" : "animation.humanoid.look_at_target.swimming",
        "charging" : "animation.humanoid.charging",
        "move" : "animation.humanoid.move",
        "sneaking" : "animation.humanoid.sneaking",
        "bob" : "animation.humanoid.bob",
        "bow_and_arrow" : "animation.humanoid.bow_and_arrow",
        "swimming" : "animation.humanoid.swimming"
      },
      "spawn_egg" : {
        "texture" : "cc:aboodiio966",
        "texture_index" : 0
      },
      "identifier" : "cc:aboodiio966",
      "scripts" : {
        "pre_animation" : [
          "variable.tcos0 = (Math.cos(query.modified_distance_moved * 38.17) * query.modified_move_speed \/ variable.gliding_speed_value) * 57.3;"
        ]
      },
      "animation_controllers" : [
        {
          "look_at_target" : "controller.animation.humanoid.look_at_target"
        },
        {
          "move" : "controller.animation.humanoid.move"
        },
        {
          "riding" : "controller.animation.humanoid.riding"
        },
        {
          "holding" : "controller.animation.humanoid.holding"
        },
        {
          "brandish_spear" : "controller.animation.humanoid.brandish_spear"
        },
        {
          "charging" : "controller.animation.humanoid.charging"
        },
        {
          "attack" : "controller.animation.humanoid.attack"
        },
        {
          "sneaking" : "controller.animation.humanoid.sneaking"
        },
        {
          "bob" : "controller.animation.humanoid.bob"
        },
        {
          "damage_nearby_mobs" : "controller.animation.humanoid.damage_nearby_mobs"
        },
        {
          "bow_and_arrow" : "controller.animation.humanoid.bow_and_arrow"
        },
        {
          "swimming" : "controller.animation.humanoid.swimming"
        },
        {
          "use_item_progress" : "controller.animation.humanoid.use_item_progress"
        },
        {
          "skeleton_attack" : "controller.animation.skeleton.attack"
        }
      ],
      "textures" : {
        "default" : "textures\/entity\/craftycraft\/cc_aboodiio966"
      }
    }
  },
  "format_version" : "1.8.0"
}